{
    "chr1": [
        28.92377209663391,
        13.046028137207031
    ],
    "chr2": [
        26.45010781288147,
        23.95079803466797
    ],
    "chr3": [
        20.74005389213562,
        23.95079803466797
    ],
    "chr4": [
        17.87284517288208,
        23.95079803466797
    ],
    "chr5": [
        17.623373985290527,
        23.95079803466797
    ],
    "chr6": [
        16.382975578308105,
        23.95079803466797
    ],
    "chr7": [
        14.774589538574219,
        23.95079803466797
    ],
    "chr8": [
        13.169316530227661,
        23.95079803466797
    ],
    "chr9": [
        10.855297088623047,
        23.95079803466797
    ],
    "chr10": [
        12.13609528541565,
        23.95079803466797
    ],
    "chr11": [
        12.287118196487427,
        23.95079803466797
    ],
    "chr12": [
        11.482170581817627,
        23.95079803466797
    ],
    "chr13": [
        7.885177373886108,
        23.95079803466797
    ],
    "chr14": [
        8.01298713684082,
        23.95079803466797
    ],
    "chr15": [
        6.933060169219971,
        23.95079803466797
    ],
    "chr16": [
        6.628202199935913,
        23.95079803466797
    ],
    "chr17": [
        6.302767038345337,
        23.95079803466797
    ],
    "chr18": [
        5.598785638809204,
        23.95079803466797
    ],
    "chr19": [
        4.177239656448364,
        23.95079803466797
    ],
    "chr20": [
        4.511038064956665,
        23.95079803466797
    ],
    "chr21": [
        2.286073684692383,
        23.95079803466797
    ],
    "chr22": [
        2.605651378631592,
        23.95079803466797
    ],
    "chrX": [
        12.670650005340576,
        23.95079803466797
    ],
    "chrY": [
        1.7907025814056396,
        23.95079803466797
    ]
}