{
    "chr1": [
        28.758753061294556,
        12.808219909667969
    ],
    "chr2": [
        28.287978887557983,
        23.606884002685547
    ],
    "chr3": [
        21.145275592803955,
        23.606884002685547
    ],
    "chr4": [
        19.001036882400513,
        23.606884002685547
    ],
    "chr5": [
        17.106797695159912,
        23.606884002685547
    ],
    "chr6": [
        16.773038148880005,
        23.606884002685547
    ],
    "chr7": [
        14.187187194824219,
        23.606884002685547
    ],
    "chr8": [
        14.389746189117432,
        23.606884002685547
    ],
    "chr9": [
        10.363407135009766,
        23.606884002685547
    ],
    "chr10": [
        11.8099365234375,
        23.606884002685547
    ],
    "chr11": [
        11.163479566574097,
        23.606884002685547
    ],
    "chr12": [
        11.063019037246704,
        23.606884002685547
    ],
    "chr13": [
        8.060668468475342,
        23.606884002685547
    ],
    "chr14": [
        7.3346405029296875,
        23.606884002685547
    ],
    "chr15": [
        6.59783673286438,
        23.606884002685547
    ],
    "chr16": [
        5.969312906265259,
        23.606884002685547
    ],
    "chr17": [
        6.227604866027832,
        23.606884002685547
    ],
    "chr18": [
        5.384636163711548,
        23.606884002685547
    ],
    "chr19": [
        3.8124969005584717,
        23.606884002685547
    ],
    "chr20": [
        4.150607347488403,
        23.606884002685547
    ],
    "chr21": [
        2.356160879135132,
        23.606884002685547
    ],
    "chr22": [
        2.4572975635528564,
        23.606884002685547
    ],
    "chrX": [
        9.48222017288208,
        23.606884002685547
    ],
    "chrY": [
        1.8885626792907715,
        23.606884002685547
    ]
}