{
    "chr1": [
        10.674952507019043,
        4.673614501953125
    ],
    "chr2": [
        8.135494709014893,
        8.120903015136719
    ],
    "chr3": [
        6.397767066955566,
        8.120903015136719
    ],
    "chr4": [
        5.9155378341674805,
        8.120903015136719
    ],
    "chr5": [
        5.463382959365845,
        8.120903015136719
    ],
    "chr6": [
        5.128564834594727,
        8.120903015136719
    ],
    "chr7": [
        4.555521011352539,
        8.120903015136719
    ],
    "chr8": [
        4.123217821121216,
        8.120903015136719
    ],
    "chr9": [
        3.4817190170288086,
        8.120903015136719
    ],
    "chr10": [
        3.7397572994232178,
        8.120903015136719
    ],
    "chr11": [
        3.7094595432281494,
        8.120903015136719
    ],
    "chr12": [
        3.631347179412842,
        8.120903015136719
    ],
    "chr13": [
        2.765418291091919,
        8.120903015136719
    ],
    "chr14": [
        2.429098129272461,
        8.120903015136719
    ],
    "chr15": [
        2.177142381668091,
        8.120903015136719
    ],
    "chr16": [
        2.0684492588043213,
        8.120903015136719
    ],
    "chr17": [
        1.8419015407562256,
        8.120903015136719
    ],
    "chr18": [
        1.8078293800354004,
        8.120903015136719
    ],
    "chr19": [
        1.109649896621704,
        8.120903015136719
    ],
    "chr20": [
        1.3419897556304932,
        8.120903015136719
    ],
    "chr21": [
        0.7340488433837891,
        8.120903015136719
    ],
    "chr22": [
        0.7142970561981201,
        8.120903015136719
    ],
    "chrX": [
        4.439320087432861,
        8.120903015136719
    ],
    "chrY": [
        0.7249810695648193,
        8.120903015136719
    ]
}