{
    "chr1": [
        19.798643589019775,
        5.708290100097656
    ],
    "chr2": [
        16.76276993751526,
        10.295490264892578
    ],
    "chr3": [
        12.852012872695923,
        10.295490264892578
    ],
    "chr4": [
        10.753342866897583,
        10.295490264892578
    ],
    "chr5": [
        10.593813419342041,
        10.295490264892578
    ],
    "chr6": [
        10.01833963394165,
        10.295490264892578
    ],
    "chr7": [
        8.963112115859985,
        10.295490264892578
    ],
    "chr8": [
        7.888227939605713,
        10.295490264892578
    ],
    "chr9": [
        6.3926146030426025,
        10.295490264892578
    ],
    "chr10": [
        7.309035062789917,
        10.295490264892578
    ],
    "chr11": [
        7.9038825035095215,
        10.295490264892578
    ],
    "chr12": [
        6.786005258560181,
        10.295490264892578
    ],
    "chr13": [
        4.589423179626465,
        10.295490264892578
    ],
    "chr14": [
        4.288773775100708,
        10.295490264892578
    ],
    "chr15": [
        3.863154411315918,
        10.295490264892578
    ],
    "chr16": [
        3.7014410495758057,
        10.295490264892578
    ],
    "chr17": [
        3.5903728008270264,
        10.295490264892578
    ],
    "chr18": [
        3.0547728538513184,
        10.295490264892578
    ],
    "chr19": [
        2.23140549659729,
        10.295490264892578
    ],
    "chr20": [
        2.3729281425476074,
        10.295490264892578
    ],
    "chr21": [
        1.0811562538146973,
        10.295490264892578
    ],
    "chr22": [
        1.1865439414978027,
        10.295490264892578
    ],
    "chrX": [
        7.198482036590576,
        10.295490264892578
    ],
    "chrY": [
        0.7441399097442627,
        10.295490264892578
    ]
}