{
    "chr1": [
        17.90537428855896,
        10.027755737304688
    ],
    "chr2": [
        14.95741868019104,
        19.339889526367188
    ],
    "chr3": [
        11.554072380065918,
        19.339889526367188
    ],
    "chr4": [
        10.601361751556396,
        19.339889526367188
    ],
    "chr5": [
        10.30782175064087,
        19.339889526367188
    ],
    "chr6": [
        10.039205074310303,
        19.339889526367188
    ],
    "chr7": [
        9.289246797561646,
        19.339889526367188
    ],
    "chr8": [
        7.818719863891602,
        19.339889526367188
    ],
    "chr9": [
        6.668428659439087,
        19.339889526367188
    ],
    "chr10": [
        6.9957029819488525,
        19.339889526367188
    ],
    "chr11": [
        7.299986362457275,
        19.339889526367188
    ],
    "chr12": [
        6.961226463317871,
        19.339889526367188
    ],
    "chr13": [
        4.944136142730713,
        19.339889526367188
    ],
    "chr14": [
        4.537461996078491,
        19.339889526367188
    ],
    "chr15": [
        4.475365877151489,
        19.339889526367188
    ],
    "chr16": [
        4.138939142227173,
        19.339889526367188
    ],
    "chr17": [
        3.781296968460083,
        19.339889526367188
    ],
    "chr18": [
        3.5061633586883545,
        19.339889526367188
    ],
    "chr19": [
        2.511627674102783,
        19.339889526367188
    ],
    "chr20": [
        2.761551856994629,
        19.339889526367188
    ],
    "chr21": [
        1.7177093029022217,
        19.339889526367188
    ],
    "chr22": [
        1.7905011177062988,
        19.339889526367188
    ],
    "chrX": [
        7.251789808273315,
        19.339889526367188
    ],
    "chrY": [
        1.7468183040618896,
        19.339889526367188
    ]
}