{
    "chr1": [
        17.52493667602539,
        10.212772369384766
    ],
    "chr2": [
        15.611988067626953,
        20.157978057861328
    ],
    "chr3": [
        12.400470733642578,
        20.157978057861328
    ],
    "chr4": [
        12.188842535018921,
        20.157978057861328
    ],
    "chr5": [
        10.612023115158081,
        20.157978057861328
    ],
    "chr6": [
        9.95974063873291,
        20.157978057861328
    ],
    "chr7": [
        9.047438383102417,
        20.157978057861328
    ],
    "chr8": [
        8.095333337783813,
        20.157978057861328
    ],
    "chr9": [
        6.877520799636841,
        20.157978057861328
    ],
    "chr10": [
        7.266982555389404,
        20.157978057861328
    ],
    "chr11": [
        7.379955053329468,
        20.157978057861328
    ],
    "chr12": [
        7.173159122467041,
        20.157978057861328
    ],
    "chr13": [
        5.520911931991577,
        20.157978057861328
    ],
    "chr14": [
        4.991304397583008,
        20.157978057861328
    ],
    "chr15": [
        4.464568376541138,
        20.157978057861328
    ],
    "chr16": [
        4.165032386779785,
        20.157978057861328
    ],
    "chr17": [
        3.806520938873291,
        20.157978057861328
    ],
    "chr18": [
        3.7825281620025635,
        20.157978057861328
    ],
    "chr19": [
        2.39790678024292,
        20.157978057861328
    ],
    "chr20": [
        2.863920211791992,
        20.157978057861328
    ],
    "chr21": [
        1.7135848999023438,
        20.157978057861328
    ],
    "chr22": [
        1.7546544075012207,
        20.157978057861328
    ],
    "chrX": [
        8.63228702545166,
        20.157978057861328
    ],
    "chrY": [
        1.759171485900879,
        20.157978057861328
    ]
}