{
    "chr1": [
        10.85044550895691,
        6.260051727294922
    ],
    "chr2": [
        7.926604270935059,
        9.913082122802734
    ],
    "chr3": [
        6.733574628829956,
        9.913082122802734
    ],
    "chr4": [
        6.4929163455963135,
        9.913082122802734
    ],
    "chr5": [
        6.326990842819214,
        9.913082122802734
    ],
    "chr6": [
        6.213760614395142,
        9.913082122802734
    ],
    "chr7": [
        6.3682684898376465,
        9.913082122802734
    ],
    "chr8": [
        5.2393388748168945,
        9.913082122802734
    ],
    "chr9": [
        5.052046298980713,
        9.913082122802734
    ],
    "chr10": [
        5.321418046951294,
        9.913082122802734
    ],
    "chr11": [
        4.928156852722168,
        9.913082122802734
    ],
    "chr12": [
        4.883095026016235,
        9.913082122802734
    ],
    "chr13": [
        4.856950283050537,
        9.913082122802734
    ],
    "chr14": [
        4.941759824752808,
        9.913082122802734
    ],
    "chr15": [
        4.065714359283447,
        9.913082122802734
    ],
    "chr16": [
        3.7981276512145996,
        9.913082122802734
    ],
    "chr17": [
        3.6287221908569336,
        9.913082122802734
    ],
    "chr18": [
        3.465812921524048,
        9.913082122802734
    ],
    "chr19": [
        2.1353611946105957,
        9.913082122802734
    ],
    "chrX": [
        6.511674642562866,
        9.913082122802734
    ],
    "chrY": [
        2.8138046264648438,
        9.913082122802734
    ]
}