{
    "chr1": [
        4.007002115249634,
        2.8732337951660156
    ],
    "chr2": [
        1.573011875152588,
        3.243053436279297
    ],
    "chr3": [
        1.2443602085113525,
        3.243053436279297
    ],
    "chr4": [
        1.2196004390716553,
        3.243053436279297
    ],
    "chr5": [
        1.1360857486724854,
        3.243053436279297
    ],
    "chr6": [
        1.1309072971343994,
        3.243053436279297
    ],
    "chr7": [
        1.0836808681488037,
        3.243053436279297
    ],
    "chr8": [
        0.968224048614502,
        3.243053436279297
    ],
    "chr9": [
        0.8944849967956543,
        3.243053436279297
    ],
    "chr10": [
        0.9923033714294434,
        3.243053436279297
    ],
    "chr11": [
        0.9052598476409912,
        3.243053436279297
    ],
    "chr12": [
        0.8411946296691895,
        3.243053436279297
    ],
    "chr13": [
        0.8477609157562256,
        3.243053436279297
    ],
    "chr14": [
        0.8814198970794678,
        3.243053436279297
    ],
    "chr15": [
        0.7193660736083984,
        3.243053436279297
    ],
    "chr16": [
        0.5983757972717285,
        3.243053436279297
    ],
    "chr17": [
        0.5904736518859863,
        3.243053436279297
    ],
    "chr18": [
        0.5861284732818604,
        3.243053436279297
    ],
    "chr19": [
        0.2564425468444824,
        3.243053436279297
    ],
    "chrX": [
        1.1607775688171387,
        3.243053436279297
    ],
    "chrY": [
        0.4000358581542969,
        3.243053436279297
    ]
}