{
    "chr1": [
        11.189995050430298,
        2.99151611328125
    ],
    "chr2": [
        8.496317863464355,
        5.454524993896484
    ],
    "chr3": [
        6.499126195907593,
        5.454524993896484
    ],
    "chr4": [
        5.6555304527282715,
        5.454524993896484
    ],
    "chr5": [
        5.202765941619873,
        5.454524993896484
    ],
    "chr6": [
        5.045986175537109,
        5.454524993896484
    ],
    "chr7": [
        4.234697103500366,
        5.454524993896484
    ],
    "chr8": [
        4.0161871910095215,
        5.454524993896484
    ],
    "chr9": [
        3.102205276489258,
        5.454524993896484
    ],
    "chr10": [
        3.264767646789551,
        5.454524993896484
    ],
    "chr11": [
        3.034954309463501,
        5.454524993896484
    ],
    "chr12": [
        2.9824130535125732,
        5.454524993896484
    ],
    "chr13": [
        1.9440550804138184,
        5.454524993896484
    ],
    "chr14": [
        1.8192155361175537,
        5.454524993896484
    ],
    "chr15": [
        1.4939594268798828,
        5.454524993896484
    ],
    "chr16": [
        1.4234390258789062,
        5.454524993896484
    ],
    "chr17": [
        1.3694055080413818,
        5.454524993896484
    ],
    "chr18": [
        1.177924633026123,
        5.454524993896484
    ],
    "chr19": [
        0.6450085639953613,
        5.454524993896484
    ],
    "chr20": [
        0.7884137630462646,
        5.454524993896484
    ],
    "chr21": [
        0.29790306091308594,
        5.454524993896484
    ],
    "chr22": [
        0.29068899154663086,
        5.454524993896484
    ],
    "chrX": [
        2.4632411003112793,
        5.454524993896484
    ],
    "chrY": [
        0.18482184410095215,
        5.454524993896484
    ]
}