{
    "chr1": [
        11.919739007949829,
        2.994232177734375
    ],
    "chr2": [
        8.76572847366333,
        5.62506103515625
    ],
    "chr3": [
        6.567556858062744,
        5.62506103515625
    ],
    "chr4": [
        5.417609453201294,
        5.62506103515625
    ],
    "chr5": [
        5.260347366333008,
        5.62506103515625
    ],
    "chr6": [
        4.895307779312134,
        5.62506103515625
    ],
    "chr7": [
        4.186998605728149,
        5.62506103515625
    ],
    "chr8": [
        3.6683554649353027,
        5.62506103515625
    ],
    "chr9": [
        2.875011444091797,
        5.62506103515625
    ],
    "chr10": [
        3.2365686893463135,
        5.62506103515625
    ],
    "chr11": [
        3.1746318340301514,
        5.62506103515625
    ],
    "chr12": [
        2.9395248889923096,
        5.62506103515625
    ],
    "chr13": [
        1.7886254787445068,
        5.62506103515625
    ],
    "chr14": [
        1.7630789279937744,
        5.62506103515625
    ],
    "chr15": [
        1.4894821643829346,
        5.62506103515625
    ],
    "chr16": [
        1.491258144378662,
        5.62506103515625
    ],
    "chr17": [
        1.3004727363586426,
        5.62506103515625
    ],
    "chr18": [
        1.0743262767791748,
        5.62506103515625
    ],
    "chr19": [
        0.6559412479400635,
        5.62506103515625
    ],
    "chr20": [
        0.7621347904205322,
        5.62506103515625
    ],
    "chr21": [
        0.28083324432373047,
        5.62506103515625
    ],
    "chr22": [
        0.2716329097747803,
        5.62506103515625
    ],
    "chrX": [
        2.75107741355896,
        5.62506103515625
    ],
    "chrY": [
        0.15079951286315918,
        5.62506103515625
    ]
}