{
    "chr1": [
        6.155223846435547,
        2.9882164001464844
    ],
    "chr2": [
        3.7776906490325928,
        4.103435516357422
    ],
    "chr3": [
        2.956383466720581,
        4.103435516357422
    ],
    "chr4": [
        2.6366333961486816,
        4.103435516357422
    ],
    "chr5": [
        2.523301839828491,
        4.103435516357422
    ],
    "chr6": [
        2.356105327606201,
        4.103435516357422
    ],
    "chr7": [
        2.0525763034820557,
        4.103435516357422
    ],
    "chr8": [
        1.8543460369110107,
        4.103435516357422
    ],
    "chr9": [
        1.4197907447814941,
        4.103435516357422
    ],
    "chr10": [
        1.6340141296386719,
        4.103435516357422
    ],
    "chr11": [
        1.6192786693572998,
        4.103435516357422
    ],
    "chr12": [
        1.5600805282592773,
        4.103435516357422
    ],
    "chr13": [
        1.057755947113037,
        4.103435516357422
    ],
    "chr14": [
        1.015439510345459,
        4.103435516357422
    ],
    "chr15": [
        0.851809024810791,
        4.103435516357422
    ],
    "chr16": [
        0.9055793285369873,
        4.103435516357422
    ],
    "chr17": [
        0.7360424995422363,
        4.103435516357422
    ],
    "chr18": [
        0.6630849838256836,
        4.103435516357422
    ],
    "chr19": [
        0.36901259422302246,
        4.103435516357422
    ],
    "chr20": [
        0.4700965881347656,
        4.103435516357422
    ],
    "chr21": [
        0.17205286026000977,
        4.103435516357422
    ],
    "chr22": [
        0.18425941467285156,
        4.103435516357422
    ],
    "chrX": [
        1.8224904537200928,
        4.103435516357422
    ],
    "chrY": [
        0.14646530151367188,
        4.103435516357422
    ]
}