{
    "chr1": [
        6.6349546909332275,
        2.9895553588867188
    ],
    "chr2": [
        3.512145519256592,
        3.9525070190429688
    ],
    "chr3": [
        2.682451009750366,
        3.9525070190429688
    ],
    "chr4": [
        2.352320671081543,
        3.9525070190429688
    ],
    "chr5": [
        2.487771511077881,
        3.9525070190429688
    ],
    "chr6": [
        2.456538200378418,
        3.9525070190429688
    ],
    "chr7": [
        2.2075071334838867,
        3.9525070190429688
    ],
    "chr8": [
        1.7398836612701416,
        3.9525070190429688
    ],
    "chr9": [
        1.2607860565185547,
        3.9525070190429688
    ],
    "chr10": [
        1.5426321029663086,
        3.9525070190429688
    ],
    "chr11": [
        1.4996538162231445,
        3.9525070190429688
    ],
    "chr12": [
        1.4817695617675781,
        3.9525070190429688
    ],
    "chr13": [
        0.8481299877166748,
        3.9525070190429688
    ],
    "chr14": [
        0.8586452007293701,
        3.9525070190429688
    ],
    "chr15": [
        0.8561303615570068,
        3.9525070190429688
    ],
    "chr16": [
        0.9568428993225098,
        3.9525070190429688
    ],
    "chr17": [
        0.6930069923400879,
        3.9525070190429688
    ],
    "chr18": [
        0.5758445262908936,
        3.9525070190429688
    ],
    "chr19": [
        0.380389928817749,
        3.9525070190429688
    ],
    "chr20": [
        0.4360945224761963,
        3.9525070190429688
    ],
    "chr21": [
        0.17024683952331543,
        3.9525070190429688
    ],
    "chr22": [
        0.19713711738586426,
        3.9525070190429688
    ],
    "chrX": [
        1.3726530075073242,
        3.9525070190429688
    ],
    "chrY": [
        0.14745664596557617,
        3.9525070190429688
    ]
}