{
    "chr1": [
        6.476563453674316,
        3.872722625732422
    ],
    "chr2": [
        3.853113889694214,
        5.2296600341796875
    ],
    "chr3": [
        3.246953248977661,
        5.2296600341796875
    ],
    "chr4": [
        3.153945207595825,
        5.2296600341796875
    ],
    "chr5": [
        3.078995704650879,
        5.2296600341796875
    ],
    "chr6": [
        3.0121450424194336,
        5.2296600341796875
    ],
    "chr7": [
        2.9442801475524902,
        5.2296600341796875
    ],
    "chr8": [
        2.824428081512451,
        5.2296600341796875
    ],
    "chr9": [
        2.418501377105713,
        5.2296600341796875
    ],
    "chr10": [
        2.5482897758483887,
        5.2296600341796875
    ],
    "chr11": [
        2.381418466567993,
        5.2296600341796875
    ],
    "chr12": [
        2.2458012104034424,
        5.2296600341796875
    ],
    "chr13": [
        2.2707436084747314,
        5.2296600341796875
    ],
    "chr14": [
        2.4604439735412598,
        5.2296600341796875
    ],
    "chr15": [
        1.9195280075073242,
        5.2296600341796875
    ],
    "chr16": [
        1.8800485134124756,
        5.2296600341796875
    ],
    "chr17": [
        1.6952519416809082,
        5.2296600341796875
    ],
    "chr18": [
        1.5724072456359863,
        5.2296600341796875
    ],
    "chr19": [
        1.0278685092926025,
        5.2296600341796875
    ],
    "chrX": [
        3.1331214904785156,
        5.2296600341796875
    ],
    "chrY": [
        1.2643933296203613,
        5.2296600341796875
    ]
}