{
    "chr1": [
        18.299893617630005,
        5.531879425048828
    ],
    "chr2": [
        16.337859392166138,
        9.98309326171875
    ],
    "chr3": [
        12.867520332336426,
        9.98309326171875
    ],
    "chr4": [
        11.595255613327026,
        9.98309326171875
    ],
    "chr5": [
        10.518636703491211,
        9.98309326171875
    ],
    "chr6": [
        10.243740320205688,
        9.98309326171875
    ],
    "chr7": [
        8.903242111206055,
        9.98309326171875
    ],
    "chr8": [
        8.788610696792603,
        9.98309326171875
    ],
    "chr9": [
        6.3439552783966064,
        9.98309326171875
    ],
    "chr10": [
        7.505978107452393,
        9.98309326171875
    ],
    "chr11": [
        6.994353771209717,
        9.98309326171875
    ],
    "chr12": [
        6.974339723587036,
        9.98309326171875
    ],
    "chr13": [
        4.875338077545166,
        9.98309326171875
    ],
    "chr14": [
        4.404727220535278,
        9.98309326171875
    ],
    "chr15": [
        3.977055549621582,
        9.98309326171875
    ],
    "chr16": [
        3.547834873199463,
        9.98309326171875
    ],
    "chr17": [
        3.8652827739715576,
        9.98309326171875
    ],
    "chr18": [
        3.165513277053833,
        9.98309326171875
    ],
    "chr19": [
        2.069674491882324,
        9.98309326171875
    ],
    "chr20": [
        2.3732595443725586,
        9.98309326171875
    ],
    "chr21": [
        1.1812548637390137,
        9.98309326171875
    ],
    "chr22": [
        1.2656009197235107,
        9.98309326171875
    ],
    "chrX": [
        5.265317916870117,
        9.98309326171875
    ],
    "chrY": [
        0.8179011344909668,
        9.98309326171875
    ]
}