{
    "chr1": [
        10.88599443435669,
        4.665554046630859
    ],
    "chr2": [
        7.5994791984558105,
        7.829868316650391
    ],
    "chr3": [
        5.868927717208862,
        7.829868316650391
    ],
    "chr4": [
        5.406157970428467,
        7.829868316650391
    ],
    "chr5": [
        5.327780246734619,
        7.829868316650391
    ],
    "chr6": [
        5.345111846923828,
        7.829868316650391
    ],
    "chr7": [
        4.8371875286102295,
        7.829868316650391
    ],
    "chr8": [
        3.9736316204071045,
        7.829868316650391
    ],
    "chr9": [
        3.1100692749023438,
        7.829868316650391
    ],
    "chr10": [
        3.5850412845611572,
        7.829868316650391
    ],
    "chr11": [
        3.5659000873565674,
        7.829868316650391
    ],
    "chr12": [
        3.4934043884277344,
        7.829868316650391
    ],
    "chr13": [
        2.431267499923706,
        7.829868316650391
    ],
    "chr14": [
        2.2362937927246094,
        7.829868316650391
    ],
    "chr15": [
        2.2828269004821777,
        7.829868316650391
    ],
    "chr16": [
        2.1623215675354004,
        7.829868316650391
    ],
    "chr17": [
        1.8783035278320312,
        7.829868316650391
    ],
    "chr18": [
        1.6655821800231934,
        7.829868316650391
    ],
    "chr19": [
        1.1979782581329346,
        7.829868316650391
    ],
    "chr20": [
        1.2672839164733887,
        7.829868316650391
    ],
    "chr21": [
        0.7470791339874268,
        7.829868316650391
    ],
    "chr22": [
        0.7608902454376221,
        7.829868316650391
    ],
    "chrX": [
        3.5637412071228027,
        7.829868316650391
    ],
    "chrY": [
        0.747187614440918,
        7.829868316650391
    ]
}